[
  {
    "type": "Article",
    "category": "Operating Model",
    "title": "Five moves to realign your operating model for digital scale",
    "summary": "How leaders are shifting structures, incentives, and talent to unlock digital value."
  },
  {
    "type": "BRIEF",
    "category": "FINANCIAL SERVICES",
    "title": "Rebuilding trust through transparent risk and control frameworks",
    "summary": "Why risk, compliance, and transformation leaders need a shared playbook."
  },
  {
    "type": "POINT OF VIEW",
    "category": "AI",
    "title": "Moving from AI pilots to industrialized impact in 12 months",
    "summary": "Design principles for scaling AI responsibly across critical workflows."
  }
]
